Sample_ID_ICR,Total_number_of_peaks,Total_Peaks_with_Molecular_Formulas,Lignin,Other,Protein,ConHC,Tannin,AminoSugar,Lipid,Carb,UnsatHC,CHONS,CHONSP,CHON,CHOS,CHOSP,CHO,CHONP,CHOP
S19S_0006_Sed_Field_ICR-D_p2,4207,2660,810,45,676,217,133,201,379,93,106,160,80,416,307,108,1074,170,345
S19S_0006_Sed_Field_ICR-M_p2,3594,2202,662,28,664,135,94,164,277,63,115,85,39,321,155,91,968,155,388
S19S_0006_Sed_Field_ICR-U_p2,4253,2689,853,27,801,166,146,178,339,76,103,89,17,407,211,46,1240,205,474
S19S_0008_Sed_Field_ICR-D_p15,2561,1178,248,33,390,77,29,53,294,21,33,69,30,147,97,48,391,98,298
S19S_0008_Sed_Field_ICR-M_p15,2712,1431,373,37,499,63,60,95,241,33,30,69,22,161,148,28,557,115,331
S19S_0009_Sed_Field_ICR-M_p2,4803,2726,741,46,842,153,132,233,302,99,178,146,48,374,191,53,1183,239,492
S19S_0009_Sed_Field_ICR-U_p2,4618,2721,785,35,782,162,177,225,288,105,162,102,41,361,171,68,1235,223,520
S19S_0010_Sed_Field_ICR-D_p15,3987,2516,646,57,844,141,122,193,288,75,150,94,17,302,240,66,1010,228,559
S19S_0010_Sed_Field_ICR-M_p15,2944,1600,332,60,542,106,56,93,313,32,66,86,28,168,132,61,586,131,408
S19S_0010_Sed_Field_ICR-U_p15,3343,1958,587,46,600,125,109,108,235,35,113,82,28,214,129,43,889,124,449
S19S_0011_Sed_Field_ICR-D_p2,3194,1744,582,20,462,178,126,100,206,25,45,66,20,228,62,26,912,101,329
S19S_0011_Sed_Field_ICR-M_p2,3423,1796,571,29,540,153,93,112,211,34,53,72,24,225,92,21,854,92,416
S19S_0011_Sed_Field_ICR-U_p2,4406,2761,856,43,744,258,203,169,320,56,112,80,26,412,148,60,1361,164,510
S19S_0012_Sed_Field_ICR-D_p2,4548,2795,734,48,788,269,241,210,265,75,165,113,38,350,140,50,1407,219,478
S19S_0012_Sed_Field_ICR-M_p2,3956,2431,664,45,583,357,288,141,216,50,87,82,61,289,110,47,1340,124,378
S19S_0012_Sed_Field_ICR-U_p2,4206,2553,641,36,718,276,235,190,275,78,104,105,51,325,115,79,1267,202,409
S19S_0013_Sed_Field_ICR-D_p2,4154,2488,888,29,625,212,195,141,224,80,94,65,42,456,115,31,1164,97,518
S19S_0013_Sed_Field_ICR-M_p2,4045,2381,741,41,691,164,126,148,269,108,93,65,32,397,190,44,927,147,579
S19S_0013_Sed_Field_ICR-U_p2,4071,2420,751,35,679,202,149,158,249,107,90,86,38,422,171,44,971,158,530
S19S_0014_Sed_Field_ICR-D_p2,3898,2384,726,37,714,166,127,159,279,74,102,91,24,449,120,36,1014,170,480
S19S_0014_Sed_Field_ICR-M_p2,3995,2510,811,27,721,191,139,173,243,90,115,76,22,487,115,30,1108,172,500
S19S_0014_Sed_Field_ICR-U_p2,3972,2653,892,29,676,269,199,171,260,91,66,72,25,504,182,35,1280,99,456
S19S_0015_Sed_Field_ICR-D_p2,2864,1443,369,29,450,103,79,103,222,25,63,71,23,197,81,22,672,90,287
S19S_0015_Sed_Field_ICR-M_p2,3619,2093,494,39,729,100,80,182,269,62,138,94,23,357,149,42,748,250,430
S19S_0015_Sed_Field_ICR-U_p2,4131,2532,679,33,761,218,159,195,274,66,147,101,23,404,125,36,1158,229,456
S19S_0016_Sed_Field_ICR-D_p2,4361,2541,624,47,842,123,84,234,318,101,168,159,50,387,146,80,1013,232,474
S19S_0016_Sed_Field_ICR-M_p2,4186,2314,614,49,666,168,129,184,285,126,93,94,40,368,109,34,1024,170,475
S19S_0016_Sed_Field_ICR-U_p1,2380,1271,266,27,509,60,25,144,164,46,30,43,18,177,41,35,574,78,305
S19S_0017_Sed_Field_ICR-D_p2,3943,2333,750,26,678,143,155,191,212,78,100,53,23,378,89,36,1181,142,431
S19S_0017_Sed_Field_ICR-M_p2,3986,2400,725,33,735,148,157,203,231,77,91,83,30,362,101,45,1192,159,428
S19S_0017_Sed_Field_ICR-U_p2,3717,2384,713,28,683,188,160,190,254,77,91,95,43,362,137,70,1125,174,378
S19S_0018_Sed_Field_ICR-D_p2,3694,2171,480,51,717,123,109,188,281,82,140,119,42,367,150,61,813,215,404
S19S_0018_Sed_Field_ICR-M_p2,3980,2043,445,45,703,125,82,163,265,55,160,124,36,306,116,48,768,221,424
S19S_0018_Sed_Field_ICR-U_p2,3471,1843,455,50,613,100,46,121,326,34,98,102,25,247,185,43,703,139,399
S19S_0019_Sed_Field_ICR-D_p2,3880,2393,502,45,838,137,113,192,321,67,178,107,34,417,150,35,919,272,459
S19S_0019_Sed_Field_ICR-M_p2,3897,2441,585,36,804,206,133,181,271,61,164,103,23,393,155,40,1060,213,454
S19S_0019_Sed_Field_ICR-U_p2,4064,2622,653,37,869,159,137,213,297,90,167,122,34,474,177,46,1075,242,452
S19S_0020_Sed_Field_ICR-D_p2,4251,2634,884,21,683,266,226,180,202,79,93,65,34,267,135,29,1464,123,517
S19S_0020_Sed_Field_ICR-M_p2,4144,2655,936,31,626,283,240,177,211,76,75,84,30,376,195,60,1340,107,463
S19S_0020_Sed_Field_ICR-U_p2,4069,2495,726,31,629,169,159,190,347,102,142,162,70,327,171,149,1028,184,404
S19S_0021_Sed_Field_ICR-D_p2,4280,2593,793,40,713,168,162,224,239,156,98,62,24,360,221,41,1095,158,632
S19S_0021_Sed_Field_ICR-M_p2,3773,2335,724,26,630,198,173,147,308,55,74,66,27,345,147,38,1177,130,405
S19S_0021_Sed_Field_ICR-U_p2,3983,2541,797,32,672,236,230,163,260,54,97,67,28,403,129,34,1286,161,433
S19S_0022_Sed_Field_ICR-D_p2,4265,2827,855,32,756,326,234,188,232,80,124,102,43,349,137,46,1491,173,486
S19S_0022_Sed_Field_ICR-M_p2,4210,2852,888,32,752,353,254,146,217,57,153,116,45,354,128,52,1525,162,470
S19S_0022_Sed_Field_ICR-U_p2,4189,2705,871,35,697,299,237,198,171,85,112,93,34,300,129,36,1457,139,517
S19S_0023_Sed_Field_ICR-D_p2,3783,2096,480,33,705,150,45,138,391,58,96,112,26,314,187,67,776,182,432
S19S_0023_Sed_Field_ICR-M_p2,3920,2381,685,40,723,144,89,177,317,73,133,123,29,333,177,53,1016,161,489
S19S_0023_Sed_Field_ICR-U_p2,3747,1868,467,45,585,107,44,116,339,43,122,109,35,271,123,43,705,161,421
S19S_0024_Sed_Field_ICR-D_p15,3114,1682,373,44,509,116,33,83,408,47,69,99,18,208,185,55,590,110,417
S19S_0024_Sed_Field_ICR-M_p2,3750,1967,436,39,657,146,46,131,358,60,94,113,28,367,150,53,658,201,397
S19S_0025_Sed_Field_ICR-D_p2,3977,2226,622,39,720,150,54,134,343,46,118,94,30,312,169,64,889,163,505
S19S_0025_Sed_Field_ICR-M_p1,4381,2666,694,42,894,154,127,199,317,89,150,101,44,415,214,47,1128,219,498
S19S_0025_Sed_Field_ICR-U_p2,4030,2164,527,46,691,143,75,155,352,61,114,112,35,302,133,66,861,216,439
S19S_0026_Sed_Field_ICR-M_p2,3977,2435,670,38,692,286,192,155,239,43,120,76,21,294,107,36,1293,160,448
S19S_0026_Sed_Field_ICR-U_p2,3763,2304,640,41,649,232,185,140,253,41,123,81,22,285,123,42,1166,187,398
S19S_0027_Sed_Field_ICR-D_p2,4463,2602,641,55,807,157,138,217,315,88,184,135,46,384,168,58,1049,268,494
S19S_0027_Sed_Field_ICR-M_p2,4335,2647,664,53,787,208,187,208,296,91,153,120,47,379,147,66,1190,234,464
S19S_0027_Sed_Field_ICR-U_p2,4143,2312,579,49,742,134,105,169,350,83,101,145,53,388,117,58,920,221,410
S19S_0028_Sed_Field_ICR-D_p2,3920,1872,467,46,629,106,28,131,283,46,136,119,32,297,111,61,674,167,411
S19S_0028_Sed_Field_ICR-M_p1,2371,1043,228,29,359,71,11,61,211,20,53,75,25,152,64,44,388,53,242
S19S_0028_Sed_Field_ICR-U_p1,2407,1192,275,32,412,64,11,91,224,38,45,69,16,213,69,44,449,77,255
S19S_0029_Sed_Field_ICR-D_p2,3838,2085,645,31,635,153,111,144,257,42,67,81,24,284,211,27,966,94,398
S19S_0029_Sed_Field_ICR-M_p2,3934,2222,632,37,606,202,118,129,375,59,64,80,28,298,195,38,1019,91,473
S19S_0029_Sed_Field_ICR-U_p2,4054,2386,649,38,788,141,90,175,299,66,140,104,24,394,145,48,1015,196,460
S19S_0030_Sed_Field_ICR-U_p2,4495,2601,678,59,822,149,90,228,281,126,168,161,48,386,136,74,1060,232,504
S19S_0031_Sed_Field_ICR-D_p2,3950,2142,557,55,687,112,121,180,272,62,96,92,32,249,137,54,993,162,423
S19S_0031_Sed_Field_ICR-M_p2,4141,2494,693,44,819,126,123,219,251,86,133,87,37,334,153,55,1133,189,506
S19S_0031_Sed_Field_ICR-U_p2,3933,2335,638,47,773,131,116,204,223,71,132,96,26,341,136,65,1019,194,458
S19S_0032_Sed_Field_ICR-D_p2,4369,1987,550,46,592,146,112,127,262,69,83,65,30,276,124,56,868,117,451
S19S_0032_Sed_Field_ICR-M_p2,4744,2622,751,53,762,215,190,154,290,60,147,112,36,371,161,54,1230,195,463
S19S_0032_Sed_Field_ICR-U_p2,4918,2837,764,58,838,236,182,159,377,61,162,126,45,440,163,52,1207,270,534
S19S_0033_Sed_Field_ICR-M_p15,4896,3184,841,53,1058,184,152,230,340,85,241,132,46,378,231,58,1361,292,686
S19S_0033_Sed_Field_ICR-U_p15,4381,2767,677,49,938,129,108,198,340,83,245,145,24,369,209,60,1043,285,632
S19S_0034_Sed_Field_ICR-D_p2,3986,2517,716,32,704,343,100,154,303,56,109,69,35,367,180,57,1183,126,500
S19S_0034_Sed_Field_ICR-M_p2,3647,1742,386,47,560,189,42,116,267,38,97,111,58,232,165,79,615,122,360
S19S_0034_Sed_Field_ICR-U_p2,3939,2125,570,39,653,231,81,144,254,55,98,85,35,275,156,56,929,152,437
S19S_0035_Sed_Field_ICR-D_p2,3183,1698,554,32,482,121,100,76,208,28,97,77,25,223,74,58,758,117,366
S19S_0035_Sed_Field_ICR-M_p1,5052,3424,1138,39,872,308,273,219,336,90,149,115,47,371,184,56,1804,200,647
S19S_0035_Sed_Field_ICR-U_p2,4172,2553,806,40,626,254,202,161,282,82,100,137,64,334,164,98,1177,166,413
S19S_0036_Sed_Field_ICR-D_p1,2928,1556,338,73,505,129,74,104,211,56,66,95,37,259,104,66,550,98,347
S19S_0036_Sed_Field_ICR-M_p2,4065,2364,553,42,822,138,81,188,327,65,148,101,40,420,175,57,855,257,459
S19S_0036_Sed_Field_ICR-U_p2,3519,1919,485,34,652,101,74,149,262,47,115,94,24,320,166,47,694,150,424
S19S_0037_Sed_Field_ICR-D_p15,4716,2966,794,58,923,128,132,249,349,78,255,154,55,424,299,77,1092,333,532
S19S_0037_Sed_Field_ICR-U_p2,4069,2130,519,42,649,159,117,166,307,61,110,109,50,328,112,56,868,209,398
S19S_0038_Sed_Field_ICR-D_p2,4070,2168,543,41,633,214,141,117,335,40,104,105,34,302,116,41,999,164,407
S19S_0038_Sed_Field_ICR-M_p2,3964,2230,584,31,660,182,130,158,321,63,101,102,54,316,125,64,987,173,409
S19S_0038_Sed_Field_ICR-U_p15,4125,2632,699,46,827,221,203,167,241,62,166,105,27,325,172,44,1168,230,561
S19S_0039_Sed_Field_ICR-D_p2,4059,2467,717,45,672,186,139,204,273,118,113,79,22,386,216,51,1103,155,455
S19S_0039_Sed_Field_ICR-M_p1,4034,2622,789,36,758,236,125,179,340,66,93,91,21,382,192,29,1265,169,473
S19S_0039_Sed_Field_ICR-U_p2,4254,2477,741,42,706,184,102,210,264,97,131,92,29,346,223,41,1059,142,545
S19S_0040_Sed_Field_ICR-M_p15,2834,1622,485,34,516,78,52,111,255,44,47,71,26,158,177,32,630,125,403
S19S_0040_Sed_Field_ICR-U_p2,3994,2210,655,32,620,170,105,150,324,89,65,87,30,320,194,45,1018,92,424
S19S_0041_Sed_Field_ICR-D_p2,4106,2346,713,40,698,146,113,180,261,78,117,90,25,284,145,49,1082,159,512
S19S_0041_Sed_Field_ICR-M_p2,3869,2025,557,35,631,116,50,132,355,44,105,103,46,279,127,58,833,136,443
S19S_0041_Sed_Field_ICR-U_p2,4060,2281,719,31,656,147,115,172,275,69,97,77,20,267,158,36,1117,140,466
S19S_0042_Sed_Field_ICR-D_p2,3964,2451,914,28,587,201,177,111,323,38,72,89,27,373,174,32,1175,129,452
S19S_0042_Sed_Field_ICR-M_p2,3897,2340,753,29,583,206,151,103,415,40,60,109,26,345,173,44,1068,141,434
S19S_0042_Sed_Field_ICR-U_p2,4018,2517,907,26,611,231,173,126,328,42,73,119,25,416,185,62,1144,105,461
S19S_0043_Sed_Field_ICR-D_p2,3641,2026,686,38,528,200,133,130,220,65,26,64,16,374,131,49,892,98,402
S19S_0043_Sed_Field_ICR-M_p2,4070,2535,812,27,754,191,128,196,266,62,99,101,24,417,194,24,1139,163,473
S19S_0043_Sed_Field_ICR-U_p2,4081,2643,914,17,688,290,161,187,236,72,78,68,20,518,157,30,1251,143,456
S19S_0044_Sed_Field_ICR-D_p2,4117,2165,751,45,549,202,99,111,298,39,71,97,21,242,128,41,1063,106,467
S19S_0044_Sed_Field_ICR-M_p15,4679,3302,1414,42,594,520,326,126,162,55,63,59,60,361,175,57,1889,75,626
S19S_0044_Sed_Field_ICR-U_p2,4268,2508,991,34,565,317,156,106,221,48,70,64,33,317,166,40,1279,89,520
S19S_0045_Sed_Field_ICR-D_p1,3871,2373,772,39,678,188,148,177,217,70,84,73,34,349,197,38,1029,205,448
S19S_0045_Sed_Field_ICR-U_p2,3320,1613,445,43,503,122,68,139,181,44,68,87,26,200,160,38,656,109,337
S19S_0046_Sed_Field_ICR-D_p1,3920,2293,418,56,843,120,56,219,312,103,166,131,34,246,250,65,857,232,478
S19S_0046_Sed_Field_ICR-U_p1,3777,2175,367,48,863,108,50,200,322,85,132,108,34,282,196,53,762,238,502
S19S_0047_Sed_Field_ICR-D_p15,3088,1816,667,35,452,184,125,90,197,33,33,67,20,172,91,35,917,71,443
S19S_0049_Sed_Field_ICR-D_p2,4822,2678,664,58,880,158,74,222,267,91,264,210,41,500,213,73,875,279,487
S19S_0049_Sed_Field_ICR-M_p2,4301,2093,495,55,709,157,59,171,259,55,133,146,36,386,175,68,682,199,401
S19S_0049_Sed_Field_ICR-U_p2,4852,2558,624,46,872,124,90,229,263,127,183,109,36,411,197,58,953,255,539
S19S_0050_Sed_Field_ICR-D_p15,3113,1670,512,34,470,151,147,86,202,23,45,71,25,138,100,24,860,97,355
S19S_0050_Sed_Field_ICR-M_p15,3043,1721,539,43,431,161,149,62,268,16,52,67,31,149,126,32,877,96,343
S19S_0050_Sed_Field_ICR-U_p15,4219,2833,998,34,576,410,350,84,241,33,107,94,58,299,117,60,1560,163,482
S19S_0051_Sed_Field_ICR-M_p15,2826,1646,549,30,391,128,137,54,300,22,35,71,19,129,69,32,846,93,387
S19S_0051_Sed_Field_ICR-U_p15,2499,1449,496,29,369,142,144,64,157,14,34,58,19,94,93,27,760,80,318
S19S_0052_Sed_Field_ICR-D_p2,3535,1865,476,42,599,133,101,141,240,36,97,96,36,311,98,48,767,154,355
S19S_0052_Sed_Field_ICR-M_p2,3685,2072,512,45,695,120,59,131,354,41,115,95,30,348,151,39,773,196,440
S19S_0052_Sed_Field_ICR-U_p2,3673,2239,565,32,698,175,140,141,330,33,125,98,24,350,127,31,1007,184,418
S19S_0053_Sed_Field_ICR-D_p2,3904,2357,638,33,691,227,184,172,237,66,109,73,21,324,158,36,1174,155,416
S19S_0053_Sed_Field_ICR-M_p2,3541,2128,546,27,598,258,201,127,255,39,77,71,18,260,116,27,1140,142,354
S19S_0053_Sed_Field_ICR-U_p2,3795,2473,652,34,670,297,269,166,249,58,78,61,29,294,122,22,1388,147,410
S19S_0054_Sed_Field_ICR-D_p2,4376,2658,938,37,702,189,94,154,358,86,100,94,23,450,207,60,1059,162,603
S19S_0054_Sed_Field_ICR-M_p2,4316,2554,860,34,720,169,98,140,357,94,82,79,28,413,217,41,1005,138,633
S19S_0054_Sed_Field_ICR-U_p2,4230,2593,987,33,625,233,122,163,253,100,77,101,34,452,213,73,1092,115,513
S19S_0055_Sed_Field_ICR-D_p2,3560,1987,557,40,589,130,73,117,385,42,54,110,34,297,238,48,808,113,339
S19S_0055_Sed_Field_ICR-M_p2,3905,1813,535,44,551,138,69,108,287,34,47,87,49,261,145,37,780,102,352
S19S_0055_Sed_Field_ICR-U_p2,4056,1721,485,46,541,95,54,128,255,68,49,71,39,237,131,56,680,116,391
S19S_0056_Sed_Field_ICR-D_p2,4881,2585,776,46,707,249,180,176,265,91,95,88,37,440,174,35,1131,168,512
S19S_0056_Sed_Field_ICR-M_p2,4707,2687,804,41,750,226,184,181,243,62,196,108,37,428,173,43,1215,205,478
S19S_0056_Sed_Field_ICR-U_p2,5019,3131,950,46,904,245,193,228,266,95,204,129,36,547,223,54,1369,231,542
S19S_0057_Sed_Field_ICR-D_p2,3631,2290,780,39,549,274,187,95,233,35,98,88,34,341,161,26,1138,126,376
S19S_0057_Sed_Field_ICR-M_p2,3694,2150,649,34,550,229,178,121,247,36,106,97,33,280,97,24,1083,133,403
S19S_0057_Sed_Field_ICR-U_p2,3482,2020,561,35,601,192,155,126,197,36,117,103,29,284,144,34,930,154,342
S19S_0058_Sed_Field_ICR-D_p2,4569,2522,720,42,739,167,111,165,310,104,164,121,32,499,191,33,895,164,587
S19S_0058_Sed_Field_ICR-U_p2,4785,2911,809,46,883,181,130,198,393,110,161,122,26,592,216,37,1083,244,591
S19S_0059_Sed_Field_ICR-D_p15,2498,1240,348,31,380,80,25,46,276,18,36,78,23,149,44,39,474,91,342
S19S_0059_Sed_Field_ICR-M_p15,4013,2206,680,45,674,114,94,101,320,40,138,88,32,258,132,52,896,170,578
S19S_0059_Sed_Field_ICR-U_p15,2303,1057,318,23,329,72,24,72,167,20,32,63,12,114,142,32,375,73,246
S19S_0060_Sed_Field_ICR-D_p2,3688,2089,560,41,676,130,69,150,293,64,106,105,52,386,125,47,794,184,396
S19S_0060_Sed_Field_ICR-M_p2,3986,2390,611,47,781,93,62,188,372,66,170,106,33,375,170,47,936,186,537
S19S_0060_Sed_Field_ICR-U_p2,3913,2451,648,39,824,108,99,186,276,74,197,124,39,427,151,42,936,245,487
S19S_0061_Sed_Field_ICR-D_p2,4200,2561,799,35,657,310,154,180,245,83,98,85,40,441,119,58,1192,174,452
S19S_0061_Sed_Field_ICR-M_p2,4475,2522,820,31,663,205,143,187,261,128,84,72,33,489,153,36,1061,160,518
S19S_0061_Sed_Field_ICR-U_p15,2264,989,246,33,273,86,20,49,233,19,30,73,24,110,53,41,344,81,263
S19S_0062_Sed_Field_ICR-D_p15,4484,3065,936,38,836,228,235,174,418,61,139,91,37,315,207,50,1548,175,642
S19S_0062_Sed_Field_ICR-M_p15,5059,3027,872,78,843,326,252,163,310,80,103,164,68,349,249,96,1315,207,579
S19S_0062_Sed_Field_ICR-U_p15,5022,3489,1121,41,990,300,281,234,323,85,114,94,57,408,311,55,1782,173,609
S19S_0063_Sed_Field_ICR-M_p2,4316,2479,668,43,739,182,136,205,282,73,151,119,44,330,152,57,1113,184,480
S19S_0063_Sed_Field_ICR-U_p2,3865,2265,571,40,694,160,95,160,373,62,110,141,62,311,150,101,916,183,401
S19S_0064_Sed_Field_ICR-D_p2,3716,2289,595,38,688,223,149,137,322,41,96,98,47,363,142,68,1009,179,383
S19S_0064_Sed_Field_ICR-M_p2,3747,2349,699,28,652,221,161,128,300,57,103,86,30,388,147,74,1078,138,408
S19S_0064_Sed_Field_ICR-U_p15,2752,1472,424,33,470,73,61,84,261,18,48,67,22,123,115,39,637,89,380
S19S_0065_Sed_Field_ICR-D_p2,5124,2869,821,46,804,255,199,246,243,145,110,87,36,386,264,62,1241,180,613
S19S_0065_Sed_Field_ICR-M_p2,4850,2665,681,47,853,183,120,212,345,87,137,119,42,389,231,56,1037,268,523
S19S_0065_Sed_Field_ICR-U_p2,4725,2520,648,66,782,194,98,189,364,75,104,126,42,374,261,53,968,222,474
S19S_0066_Sed_Field_ICR-D_p2,4068,2549,716,43,753,229,172,205,232,81,118,75,30,315,177,45,1287,151,469
S19S_0066_Sed_Field_ICR-M_p2,3951,2336,736,32,642,209,159,145,285,57,71,80,35,373,163,47,1148,100,390
S19S_0066_Sed_Field_ICR-U_p2,4035,2519,754,25,740,216,169,144,309,78,84,69,21,399,116,36,1197,159,522
S19S_0067_Sed_Field_ICR-D_p2,3300,1664,482,29,434,198,99,79,255,38,50,59,25,217,100,22,837,119,285
S19S_0067_Sed_Field_ICR-M_p2,3723,2274,693,27,647,250,132,158,218,71,78,76,31,369,128,52,1068,117,433
S19S_0067_Sed_Field_ICR-U_p2,3607,1892,450,48,576,205,64,102,312,37,98,105,57,322,123,64,685,192,344
S19S_0068_Sed_Field_ICR-M_p2,4941,3118,810,71,982,203,177,233,294,110,238,166,40,482,209,63,1313,263,582
S19S_0068_Sed_Field_ICR-U_p2,3631,2005,506,43,684,129,107,165,230,46,95,105,32,298,105,51,900,126,388
S19S_0069_Sed_Field_ICR-D_p2,4465,2599,677,51,833,193,156,189,275,68,157,112,43,330,159,63,1211,175,506
S19S_0069_Sed_Field_ICR-M_p2,4933,2848,767,49,888,211,177,225,255,86,190,144,45,397,201,66,1250,232,513
S19S_0069_Sed_Field_ICR-U_p2,4924,2923,726,58,934,203,168,213,297,84,240,176,50,433,192,64,1227,267,514
S19S_0070_Sed_Field_ICR-D_p2,4745,2695,720,64,771,235,175,193,296,79,162,116,54,345,203,65,1212,203,497
S19S_0070_Sed_Field_ICR-M_p2,3754,2386,680,33,736,189,174,208,199,64,103,72,27,278,113,45,1262,145,444
S19S_0070_Sed_Field_ICR-U_p2,4869,2944,848,46,835,277,200,208,272,84,174,135,51,353,182,57,1439,203,524
S19S_0071_Sed_Field_ICR-D_p2,3697,2218,685,45,670,175,124,138,249,45,87,90,37,287,153,55,1040,101,455
S19S_0071_Sed_Field_ICR-M_p2,3810,2268,704,41,664,173,107,148,263,60,108,79,37,296,131,61,1010,134,520
S19S_0071_Sed_Field_ICR-U_p2,3553,2034,653,44,604,170,61,131,253,41,77,87,27,279,121,78,878,115,449
S19S_0072_Sed_Field_ICR-D_p2,3863,2412,711,32,701,246,172,166,224,56,104,91,25,315,132,35,1185,167,462
S19S_0072_Sed_Field_ICR-M_p2,3725,2369,617,34,720,232,158,190,243,71,104,75,44,283,163,60,1138,203,403
S19S_0072_Sed_Field_ICR-U_p2,3946,2606,767,34,727,315,204,168,240,52,99,70,35,329,173,70,1308,145,476
S19S_0073_Sed_Field_ICR-D_p2,3692,2362,745,27,605,329,178,118,250,38,72,74,33,331,130,46,1190,132,426
S19S_0073_Sed_Field_ICR-M_p2,3646,2326,758,21,545,353,178,109,246,37,79,67,26,314,131,41,1192,118,437
S19S_0073_Sed_Field_ICR-U_p2,3794,2387,763,27,622,301,172,106,265,35,96,85,33,357,143,54,1116,169,430
S19S_0074_Sed_Field_ICR-D_p2,3486,1753,411,36,592,101,42,135,302,43,91,106,28,282,119,47,638,164,369
S19S_0074_Sed_Field_ICR-M_p2,3982,2249,555,40,729,130,95,174,340,71,115,92,23,357,158,64,897,199,459
S19S_0074_Sed_Field_ICR-U_p2,3983,2257,603,35,748,115,94,191,257,73,141,88,22,324,157,58,971,176,461
S19S_0075_Sed_Field_ICR-D_p2,3960,1980,468,50,633,135,67,152,272,59,144,132,45,260,149,47,723,194,430
S19S_0075_Sed_Field_ICR-M_p2,3944,2317,556,39,766,141,80,171,338,77,149,116,33,317,209,70,852,198,522
S19S_0075_Sed_Field_ICR-U_p2,3658,1993,498,40,702,86,100,181,206,66,114,75,29,315,134,30,777,196,437
S19S_0076_Sed_Field_ICR-D_p2,3387,1987,537,37,618,119,79,160,240,83,114,98,38,332,104,55,802,156,402
S19S_0076_Sed_Field_ICR-M_p1,3229,1879,475,43,647,79,53,147,288,67,80,79,24,324,125,44,733,127,423
S19S_0076_Sed_Field_ICR-U_p1,4104,2635,756,49,763,131,142,216,284,156,138,85,40,394,167,72,1148,197,532
S19S_0077_Sed_Field_ICR-D_p2,3724,1986,495,34,704,98,36,147,321,48,103,91,21,316,129,47,769,200,413
S19S_0077_Sed_Field_ICR-M_p2,4444,2494,685,60,784,135,96,189,312,58,175,124,37,417,166,54,958,256,482
S19S_0077_Sed_Field_ICR-U_p2,3957,2403,621,38,823,122,82,211,255,78,173,109,34,385,142,56,1003,230,444
S19S_0078_Sed_Field_ICR-D_p2,3953,2427,720,38,745,158,144,158,285,50,129,88,21,321,144,38,1152,149,514
S19S_0078_Sed_Field_ICR-M_p2,3345,1932,521,27,656,137,75,161,229,55,71,80,16,259,99,34,864,123,457
S19S_0078_Sed_Field_ICR-U_p2,4024,2450,702,43,733,181,190,196,219,78,108,70,27,294,132,42,1227,166,492
S19S_0079_Sed_Field_ICR-D_p2,3484,1839,325,60,670,114,41,143,355,59,72,97,22,341,143,56,580,186,414
S19S_0079_Sed_Field_ICR-M_p2,3405,1913,449,30,667,127,56,159,251,58,116,110,19,306,102,51,752,159,414
S19S_0079_Sed_Field_ICR-U_p2,3477,1681,375,40,597,100,33,142,229,50,115,98,31,301,106,56,605,147,337
S19S_0080_Sed_Field_ICR-D_p2,4213,2716,795,35,783,236,200,227,231,85,124,80,26,329,182,50,1367,161,521
S19S_0080_Sed_Field_ICR-M_p2,3658,2248,646,36,602,183,141,157,330,67,86,101,51,293,175,86,1057,119,366
S19S_0080_Sed_Field_ICR-U_p2,3354,2039,645,33,588,163,109,143,236,57,65,77,31,289,117,57,892,104,472
S19S_0081_Sed_Field_ICR-M_p2,3911,2467,677,36,798,145,140,198,257,74,142,97,35,381,122,38,1122,204,468
S19S_0081_Sed_Field_ICR-U_p2,3256,1762,459,35,566,116,62,121,313,29,61,82,23,262,126,60,728,152,329
S19S_0082_Sed_Field_ICR-D_p2,3655,2374,899,21,588,224,167,125,244,37,69,98,31,375,290,31,999,123,427
S19S_0082_Sed_Field_ICR-M_p2,3917,2637,1083,29,613,208,177,161,241,49,76,87,23,438,443,42,1023,111,470
S19S_0082_Sed_Field_ICR-U_p2,3571,2053,686,34,576,138,110,124,260,49,76,93,36,364,223,39,767,147,384
S19S_0083_Sed_Field_ICR-D_p2,3798,2238,533,37,700,203,127,158,304,66,110,86,41,335,177,55,959,154,431
S19S_0083_Sed_Field_ICR-M_p2,3599,2178,673,30,576,168,139,137,323,74,58,92,24,434,190,48,929,119,342
S19S_0083_Sed_Field_ICR-U_p2,3450,1988,611,27,569,156,112,132,237,59,85,82,33,343,91,48,889,100,402
S19S_0084_Sed_Field_ICR-D_p2,3961,2523,683,35,718,252,252,160,251,56,116,63,39,284,151,37,1346,142,461
S19S_0084_Sed_Field_ICR-M_p2,3470,2035,538,48,559,211,214,103,252,39,71,80,24,268,88,59,997,138,381
S19S_0084_Sed_Field_ICR-U_p2,3867,2458,657,36,701,247,260,164,232,50,111,80,34,290,128,29,1327,160,410
S19S_0085_Sed_Field_ICR-D_p15,3558,1849,406,41,679,91,29,128,302,55,118,101,32,280,137,57,598,192,452
S19S_0085_Sed_Field_ICR-M_p15,3840,2130,496,37,798,88,32,170,330,61,118,82,29,289,160,61,852,167,490
S19S_0086_Sed_Field_ICR-D_p2,3951,2295,580,44,781,117,82,185,328,60,118,94,32,425,176,44,924,199,401
S19S_0086_Sed_Field_ICR-M_p2,4116,2529,730,28,805,129,103,203,246,97,188,126,28,424,165,37,1046,213,490
S19S_0086_Sed_Field_ICR-U_p2,3774,2215,598,33,688,177,135,186,224,95,79,80,24,327,181,26,1018,136,423
S19S_0087_Sed_Field_ICR-U_p15,2313,1161,235,35,431,61,31,69,244,19,36,74,17,152,58,31,412,171,246
S19S_0089_Sed_Field_ICR-D_p2,3471,1942,497,44,648,111,34,123,358,52,75,118,21,334,197,36,699,144,393
S19S_0089_Sed_Field_ICR-M_p2,3668,2170,588,39,687,151,64,143,323,49,126,110,32,383,153,61,809,174,448
S19S_0089_Sed_Field_ICR-U_p2,3567,2042,568,33,629,145,55,122,321,46,123,103,23,325,161,45,827,149,409
S19S_0090_Sed_Field_ICR-D_p2,3657,2229,600,28,573,349,201,127,224,61,66,65,43,274,140,32,1194,122,359
S19S_0090_Sed_Field_ICR-M_p2,3645,2310,634,22,604,324,231,142,226,45,82,64,44,313,138,34,1241,121,355
S19S_0090_Sed_Field_ICR-U_p2,4033,2468,671,28,685,330,241,181,170,73,89,61,36,289,146,23,1354,142,417
S19S_0091_Sed_Field_ICR-D_p2,3976,2386,498,38,866,115,69,216,358,84,142,121,40,290,172,74,982,235,472
S19S_0091_Sed_Field_ICR-M_p2,3845,2190,407,61,852,109,40,231,274,88,128,113,40,249,179,69,847,218,475
S19S_0091_Sed_Field_ICR-U_p2,3968,2265,472,52,871,121,45,244,226,106,128,121,50,276,157,75,882,240,464
S19S_0092_Sed_Field_ICR-D_p2,4271,2167,621,59,581,179,118,124,364,59,62,114,35,307,269,53,860,165,364
S19S_0092_Sed_Field_ICR-M_p1,2921,1395,413,41,368,108,67,121,159,55,63,66,37,168,220,42,549,55,258
S19S_0092_Sed_Field_ICR-U_p2,4809,2776,963,64,601,207,181,228,275,144,113,100,47,476,329,51,1147,132,494
S19S_0093_Sed_Field_ICR-D_p15,3938,2741,1019,41,537,383,306,95,268,27,65,103,55,430,215,40,1373,139,386
S19S_0093_Sed_Field_ICR-M_p15,2249,1150,368,25,314,75,85,56,190,20,17,56,15,86,135,26,503,85,244
S19S_0093_Sed_Field_ICR-U_p15,2088,1074,315,38,259,87,82,34,205,19,35,67,19,117,102,37,445,86,201
S19S_0094_Sed_Field_ICR-D_p15,3323,1913,535,33,700,76,40,192,191,66,80,63,20,173,159,36,800,175,487
S19S_0094_Sed_Field_ICR-M_p15,2858,1660,473,37,628,79,26,132,179,38,68,73,30,167,90,34,714,134,418
S19S_0094_Sed_Field_ICR-U_p15,4613,2975,956,48,952,167,158,181,302,70,141,95,43,316,169,69,1388,216,679
S19S_0096_Sed_Field_ICR-D_p15,4196,2678,610,63,1024,127,73,257,270,103,151,122,46,299,206,81,1038,281,605
S19S_0096_Sed_Field_ICR-M_p2,3637,1812,353,39,668,92,25,148,352,57,78,80,29,320,142,35,599,196,411
S19S_0097_Sed_Field_ICR-D_p2,3626,1999,484,32,681,120,40,143,353,51,95,92,22,313,216,40,742,137,437
S19S_0097_Sed_Field_ICR-M_p15,3387,1963,496,31,717,89,56,134,267,48,125,77,21,250,168,41,774,156,476
S19S_0097_Sed_Field_ICR-U_p2,3799,2162,537,38,690,134,81,168,340,78,96,90,29,340,227,50,844,145,437
S19S_0098_Sed_Field_ICR-D_p2,3334,1522,323,45,532,106,28,111,236,46,95,102,44,287,109,56,465,146,313
S19S_0098_Sed_Field_ICR-M_p2,3487,1914,421,39,657,123,32,169,315,63,95,107,34,376,108,65,625,240,359
S19S_0098_Sed_Field_ICR-U_p2,3747,2044,512,38,685,138,52,143,308,64,104,107,33,357,139,65,749,161,433
S19S_0099_Sed_Field_ICR-D_p2,4062,2446,528,44,868,103,45,203,338,66,251,135,40,434,164,42,803,282,546
S19S_0099_Sed_Field_ICR-M_p2,3752,2268,517,35,790,126,54,203,312,68,163,96,35,456,142,54,781,268,436
S19S_0099_Sed_Field_ICR-U_p2,4196,2387,550,40,797,94,76,247,248,146,189,99,25,355,176,27,888,272,545
S19S_0100_Sed_Field_ICR-D_p2,3790,2236,649,40,689,176,120,180,232,63,87,76,21,304,178,40,1077,131,409
S19S_0100_Sed_Field_ICR-M_p2,3946,2382,631,44,798,134,88,193,255,80,159,101,25,363,148,43,1019,223,460
S19S_0100_Sed_Field_ICR-U_p2,3880,2567,691,35,769,275,183,198,207,78,131,83,26,280,122,53,1359,154,490
S19S_0001_Sed_Field_ICR-D_p2,5005,2897,803,44,873,194,163,235,298,103,184,135,47,333,216,68,1328,225,545
S19S_0001_Sed_Field_ICR-M_p2,5012,2987,817,50,877,197,178,238,302,106,222,162,57,364,204,77,1344,255,524
S19S_0001_Sed_Field_ICR-U_p2,4911,2895,744,48,871,194,141,229,360,111,197,198,57,364,206,80,1231,276,483
S19S_0003_Sed_Field_ICR-D_p15,3527,2171,714,28,587,177,221,121,205,61,57,62,31,174,206,26,1138,93,441
S19S_0003_Sed_Field_ICR-U_p15,4255,2633,744,39,782,178,169,145,367,48,161,103,21,317,157,39,1172,260,564
S19S_0004_Sed_Field_ICR-M_p15,4073,2486,568,53,880,114,91,182,328,85,185,120,30,334,186,56,947,242,571
